City_ID,City,Lat,Lng,Max Temp,Humidity,Cloudiness,Wind Speed,Country,Date
0,saint-joseph,-21.3667,55.6167,20.21,66,41,4.0,RE,1719759556
1,umm kaddadah,13.6017,26.6876,36.61,25,95,6.72,SD,1719759557
2,port-aux-francais,-49.35,70.2167,2.19,99,100,10.93,TF,1719759558
3,edinburgh of the seven seas,-37.0676,-12.3116,15.35,98,100,9.34,SH,1719759560
4,adamstown,-25.066,-130.1015,19.17,55,39,12.17,PN,1719759561
5,constantia,44.1833,28.65,29.38,57,0,6.23,RO,1719759409
6,lerma,42.0261,-3.7598,20.31,42,84,3.25,ES,1719759564
7,ushuaia,-54.8,-68.3,0.81,93,100,7.2,AR,1719759566
8,huarmey,-10.0681,-78.1522,20.44,73,74,4.23,PE,1719759567
9,carnarvon,-24.8667,113.6333,18.28,56,0,6.69,AU,1719759568
10,bethel,41.3712,-73.414,30.0,72,40,3.09,US,1719759570
11,puerto natales,-51.7236,-72.4875,-0.75,93,40,2.06,CL,1719759571
12,acajutla,13.5928,-89.8275,28.34,73,100,1.9,SV,1719759573
13,san luis de la loma,17.2706,-100.8939,27.33,85,100,0.63,MX,1719759574
14,qaqortoq,60.7167,-46.0333,4.22,70,12,2.03,GL,1719759575
15,puerto ayora,-0.7393,-90.3518,21.98,96,92,2.24,EC,1719759577
16,orange walk,17.8333,-88.8333,29.3,79,96,3.88,BZ,1719759578
17,yaren,-0.5472,166.916,28.28,75,69,4.64,NR,1719759580
18,nchelenge,-9.3451,28.734,24.88,45,15,2.85,ZM,1719759581
19,lihue,21.9789,-159.3672,22.58,87,14,3.5,US,1719759583
20,blackmans bay,-43.0167,147.3167,4.85,90,91,0.89,AU,1719759463
21,christchurch,-43.5333,172.6333,12.11,66,100,5.66,NZ,1719759527
22,coquimbo,-29.9533,-71.3436,14.43,92,40,2.06,CL,1719759588
23,waitangi,-43.9535,-176.5597,10.03,72,6,1.94,NZ,1719759590
24,diapaga,12.0708,1.7889,35.76,36,63,0.86,BF,1719759591
25,nuuk,64.1835,-51.7216,3.82,93,94,3.58,GL,1719759593
26,thompson,55.7435,-97.8558,20.09,42,0,3.09,CA,1719759595
27,laboulaye,-34.1266,-63.3912,11.93,29,0,4.26,AR,1719759596
28,miandrivazo,-19.5167,45.4667,23.61,23,1,2.42,MG,1719759598
29,infantes,38.7367,-3.0122,27.23,22,23,5.64,ES,1719759600
30,papatowai,-46.5619,169.4708,8.66,81,100,1.53,NZ,1719759604
31,hasaki,35.7333,140.8333,26.27,83,97,11.86,JP,1719759607
32,kuraymah,18.55,31.85,42.17,6,9,2.88,SD,1719759502
33,grytviken,-54.2811,-36.5092,-6.27,74,15,4.13,GS,1719759614
34,la palma,33.8464,-118.0467,25.88,88,100,1.54,US,1719759616
35,coyhaique,-45.5752,-72.0662,5.34,98,96,2.92,CL,1719759617
36,namibe,-15.1961,12.1522,22.18,61,0,7.59,AO,1719759619
37,tazacorte,28.629,-17.9293,23.42,83,20,7.2,ES,1719759622
38,yellowknife,62.456,-114.3525,21.34,61,64,0.92,CA,1719759625
39,saipan,15.1355,145.701,28.83,78,45,6.43,MP,1719759624
40,badger,64.8,-147.5333,19.84,76,92,0.49,US,1719759372
41,verkhnevilyuysk,63.4453,120.3167,15.66,74,17,2.01,RU,1719759630
42,ribeira grande,38.5167,-28.7,25.22,61,20,8.23,PT,1719759632
43,afaahiti,-17.75,-149.2833,22.93,80,16,9.53,PF,1719759633
44,iqaluit,63.7506,-68.5145,3.72,93,100,1.34,CA,1719759637
45,poyang,28.9924,116.6675,25.49,94,100,2.95,CN,1719759639
46,ilulissat,69.2167,-51.1,2.17,91,100,1.01,GL,1719759640
47,crane,31.3974,-102.3501,27.12,55,1,8.38,US,1719759644
48,merizo village,13.2658,144.6691,27.77,91,74,6.43,GU,1719759646
49,wailua homesteads,22.0669,-159.378,22.24,90,12,3.74,US,1719759652
50,kamba,11.8486,3.6576,37.48,32,64,2.71,NG,1719759660
51,las tablas,7.7667,-80.2833,28.52,75,22,5.5,PA,1719759663
52,margaret river,-33.95,115.0667,11.39,78,3,4.25,AU,1719759491
53,hami,42.8,93.45,33.59,18,87,1.92,CN,1719759405
54,tiksi,71.6872,128.8694,6.35,70,72,1.84,RU,1719759670
55,stanley,54.868,-1.6985,15.29,69,75,2.06,GB,1719759672
56,iskateley,67.6803,53.1512,8.56,62,100,6.88,RU,1719759673
57,mandalgovi,45.7625,106.2708,20.84,39,49,6.45,MN,1719759621
58,reguiba,33.5639,6.7033,48.73,4,0,4.04,DZ,1719759676
59,mount pearl,47.5166,-52.7813,15.74,81,100,4.47,CA,1719759678
60,oxapampa,-10.5775,-75.4017,18.58,81,86,0.89,PE,1719759679
61,albany,42.6001,-73.9662,29.23,69,99,1.34,US,1719759681
62,chonchi,-42.6128,-73.8092,7.84,85,95,2.2,CL,1719759682
63,calvinia,-31.4707,19.776,16.38,37,36,4.17,ZA,1719759684
64,iscar,41.3434,-4.5246,24.67,41,100,1.92,ES,1719759686
65,quelimane,-17.8786,36.8883,21.01,87,15,2.31,MZ,1719759687
66,los llanos de aridane,28.6585,-17.9182,21.74,83,20,7.2,ES,1719759690
67,invercargill,-46.4,168.35,8.34,94,100,1.72,NZ,1719759621
68,bilibino,68.0546,166.4372,13.85,76,95,1.58,RU,1719759693
69,hemet,33.7475,-116.972,30.68,37,0,0.89,US,1719759695
70,fairbanks,64.8378,-147.7164,19.34,75,95,0.42,US,1719759696
71,severo-yeniseyskiy,60.3725,93.0408,18.63,80,72,2.32,RU,1719759698
72,uturoa,-16.7333,-151.4333,26.47,73,30,10.45,PF,1719759699
73,lebu,-37.6167,-73.65,10.19,79,96,4.25,CL,1719759701
74,fada,9.5667,8.3,27.97,62,80,3.77,NG,1719759703
75,sibut,5.718,19.0739,29.46,55,93,2.44,CF,1719759704
76,ngetkib,7.3645,134.5148,26.59,85,100,4.52,PW,1719759706
77,mersa matruh,31.3525,27.2453,27.44,66,0,7.68,EG,1719759707
78,kavieng,-2.5744,150.7967,28.07,80,41,6.55,PG,1719759709
79,nungwi,-5.7265,39.2987,26.29,74,3,7.02,TZ,1719759710
80,lazaro cardenas,17.9583,-102.2,28.06,72,41,0.22,MX,1719759712
81,jinchang,38.4953,102.1739,21.54,43,100,3.2,CN,1719759714
82,zempoala,19.45,-96.4167,26.06,79,100,1.44,MX,1719759715
83,west island,-12.1568,96.8225,26.99,78,40,7.2,CC,1719759717
84,whitehorse,60.7161,-135.0538,15.45,62,99,5.36,CA,1719759720
85,hithadhoo,-0.6,73.0833,28.82,72,42,2.96,MV,1719759722
86,port alfred,-33.5906,26.891,16.21,86,43,0.89,ZA,1719759724
87,paracuru,-3.41,-39.0306,28.95,57,67,5.9,BR,1719759726
88,brookings,44.3114,-96.7984,18.36,62,4,2.55,US,1719759728
89,chul'man,56.8479,124.9104,12.86,91,44,0.92,RU,1719759729
90,balnearia,-31.0088,-62.6673,13.13,30,26,8.46,AR,1719759731
91,dalnegorsk,44.5604,135.5701,15.88,98,100,0.83,RU,1719759732
92,mogocha,53.7333,119.7667,15.87,68,73,1.02,RU,1719759734
93,anadyr,64.75,177.4833,4.28,100,40,4.0,RU,1719759735
94,mount gambier,-37.8333,140.7667,8.28,80,99,2.3,AU,1719759737
95,punta arenas,-53.15,-70.9167,0.06,100,40,4.63,CL,1719759738
96,arkalyk,50.2486,66.9114,15.28,61,89,6.52,KZ,1719759741
97,colonia,50.9333,6.95,22.29,67,75,5.66,DE,1719759516
98,lata,40.1629,-8.3327,20.51,61,97,3.57,PT,1719759744
99,san bernardo del viento,9.3533,-75.9524,29.42,72,11,1.78,CO,1719759746
100,vila franca do campo,37.7167,-25.4333,23.23,99,56,4.32,PT,1719759747
101,castillos,-34.1667,-53.8333,8.44,56,6,4.88,UY,1719759749
102,port elizabeth,-33.918,25.5701,17.83,83,86,0.89,ZA,1719759710
103,arraial do cabo,-22.9661,-42.0278,20.91,66,99,4.64,BR,1719759752
104,fort bragg,35.139,-79.006,34.55,67,0,3.6,US,1719759754
105,chadron,42.8294,-102.9999,20.86,61,22,4.92,US,1719759755
106,bredasdorp,-34.5322,20.0403,15.5,76,2,4.1,ZA,1719759757
107,st. john's,47.5649,-52.7093,16.2,81,100,0.89,CA,1719759758
108,revda,56.801,59.9303,16.54,63,1,2.55,RU,1719759760
109,kuhsan,34.6539,61.1978,32.83,18,16,11.34,AF,1719759761
110,ponta delgada,37.7333,-25.6667,23.4,68,75,6.17,PT,1719759763
111,mafeteng,-29.823,27.2374,13.2,43,17,1.9,LS,1719759765
112,khandyga,62.6667,135.6,13.88,60,99,2.14,RU,1719759766
113,olonkinbyen,70.9221,-8.7187,4.85,83,100,1.54,SJ,1719759768
114,al wafrah,28.6392,47.9306,42.72,6,21,4.43,KW,1719759769
115,dunedin,-45.8742,170.5036,8.78,76,100,4.45,NZ,1719759609
116,sao jose da coroa grande,-8.8978,-35.1478,25.95,75,100,2.88,BR,1719759772
117,conception bay south,47.4999,-52.9981,16.07,81,100,6.52,CA,1719759774
118,conceicao do araguaia,-8.2578,-49.2647,36.11,20,5,2.33,BR,1719759775
119,noshiro,40.2039,140.0242,22.8,97,100,9.9,JP,1719759777
120,dzuunharaa,48.8523,106.4579,17.05,77,33,1.92,MN,1719759577
121,nova sintra,14.8667,-24.7167,20.7,79,3,5.07,CV,1719759780
122,ust-nera,64.5667,143.2,8.29,74,8,0.86,RU,1719759782
123,karratha,-20.7377,116.8463,20.78,40,0,5.85,AU,1719759783
124,georgetown,5.4112,100.3354,29.97,79,40,1.54,MY,1719759765
125,quezon,7.7303,125.0989,23.9,95,100,0.24,PH,1719759762
126,kingston,17.997,-76.7936,32.31,61,10,1.67,JM,1719759788
127,watsa,3.0372,29.5355,23.94,70,93,1.19,CD,1719759789
128,hermanus,-34.4187,19.2345,16.56,77,62,3.1,ZA,1719759791
129,ovalle,-30.5983,-71.2003,22.47,20,0,1.19,CL,1719759792
130,robore,-18.3333,-59.75,14.93,41,96,2.02,BO,1719759794
131,hailey,43.5196,-114.3153,21.0,42,0,0.0,US,1719759795
132,college,64.8569,-147.8028,19.33,73,96,0.45,US,1719759797
133,alice springs,-23.7,133.8833,11.75,100,100,5.14,AU,1719759798
134,port douglas,-16.4833,145.4667,22.32,83,74,3.02,AU,1719759758
135,shasta lake,40.6804,-122.3708,25.35,42,44,0.45,US,1719759801
136,poddebice,51.8934,18.9573,33.93,41,14,8.71,PL,1719759802
137,sawakin,19.1059,37.3321,39.74,32,61,3.81,SD,1719759804
138,yanam,16.7333,82.2167,25.9,93,100,1.13,IN,1719759805
139,sao tome,0.3365,6.7273,26.18,76,43,4.57,ST,1719759807
140,minab,27.1467,57.0801,35.88,41,9,3.85,IR,1719759809
141,vernon,50.2581,-119.2691,16.27,86,100,1.84,CA,1719759810
142,punta cardon,11.6581,-70.215,29.03,66,80,9.87,VE,1719759812
143,puerto maldonado,-12.6,-69.1833,17.96,76,100,2.05,PE,1719759814
144,weno,7.4515,151.8468,28.18,78,79,6.13,FM,1719759815
145,esikhaleni,-28.871,31.8996,20.82,54,0,2.38,ZA,1719759817
146,arevalo,41.0626,-4.7204,20.72,48,100,1.53,ES,1719759819
147,goias,-15.5807,-49.6362,30.53,20,0,2.15,BR,1719759764
148,port mathurin,-19.6833,63.4167,23.13,80,2,11.38,MU,1719759823
149,talnakh,69.4865,88.3972,7.49,64,100,1.4,RU,1719759824
150,san rafael,-34.6177,-68.3301,15.81,17,42,1.27,AR,1719759826
151,abaza,52.655,90.0928,17.81,95,100,1.26,RU,1719759827
152,longyearbyen,78.2186,15.6401,10.91,43,0,7.72,SJ,1719759829
153,lompoc,34.6391,-120.4579,15.08,98,20,2.57,US,1719759786
154,vila velha,-20.3297,-40.2925,27.76,99,58,6.63,BR,1719759834
155,navrongo,10.8956,-1.0921,36.71,33,68,2.3,GH,1719759835
156,faranah,10.0404,-10.7434,27.67,77,100,2.48,GN,1719759837
157,prince albert,53.2001,-105.7677,15.56,64,1,3.75,CA,1719759825
158,ryotsu-minato,38.0833,138.4333,23.95,90,100,10.71,JP,1719759831
159,urbano santos,-3.2078,-43.4036,33.78,43,12,2.05,BR,1719759842
160,bodo,67.28,14.405,16.92,55,0,2.57,NO,1719759844
161,san pedro pochutla,15.7333,-96.4667,25.4,94,100,1.06,MX,1719759570
162,al artawiyah,26.5053,45.3444,41.15,6,37,5.73,SA,1719759846
163,tabora,-5.0167,32.8,27.99,25,44,1.97,TZ,1719759709
164,malanje,-9.5402,16.341,30.25,17,56,0.99,AO,1719759849
165,atafu village,-8.5421,-172.5159,28.45,78,8,8.2,TK,1719759851
166,la ronge,55.1001,-105.2842,16.83,58,0,3.06,CA,1719759852
167,tobelo,1.7284,128.0095,26.35,83,100,0.66,ID,1719759856
168,kabompo,-13.5927,24.2008,27.8,21,1,1.47,ZM,1719759857
169,hawaiian paradise park,19.5933,-154.9731,20.73,98,100,3.6,US,1719759859
170,pauri,30.15,78.7833,22.22,90,18,0.94,IN,1719759861
171,vorgashor,67.5833,63.95,7.21,84,100,6.3,RU,1719759582
172,zambezi,-13.5432,23.1047,27.93,20,1,1.54,ZM,1719759863
173,udachny,66.4167,112.4,11.29,76,70,0.56,RU,1719759865
174,enewetak,11.3474,162.3373,28.13,79,98,7.17,MH,1719759867
175,lobujya,27.95,86.8167,5.76,93,97,2.49,NP,1719759868
176,isafjordur,66.0755,-23.124,18.02,55,75,6.17,IS,1719759870
177,kapuskasing,49.4169,-82.4331,14.55,42,11,4.53,CA,1719759873
178,nadym,65.5333,72.5167,14.04,70,100,5.21,RU,1719759877
179,pesaro,43.9036,12.8903,32.23,71,12,1.85,IT,1719759878
180,marica,-22.9194,-42.8186,18.95,75,100,2.6,BR,1719759880
181,hamilton,39.1834,-84.5333,27.43,72,0,2.24,US,1719759402
182,utrik,11.2278,169.8474,27.79,79,100,7.75,MH,1719759883
183,tympaki,35.0729,24.7685,29.5,42,0,8.49,GR,1719759884
184,chamical,-30.36,-66.314,11.59,29,0,3.14,AR,1719759888
185,keflavik,64.0049,-22.5624,11.24,100,75,16.46,IS,1719759893
186,lincoln city,44.9582,-124.0179,17.25,96,100,1.78,US,1719759665
187,keren,15.7778,38.4581,28.56,37,64,4.01,ER,1719759899
188,shalkar,47.8288,59.6258,15.07,61,100,7.63,KZ,1719759902
189,conceicao da barra,-18.5933,-39.7322,27.65,61,31,3.14,BR,1719759904
190,terrace,54.5163,-128.6035,14.95,100,100,3.09,CA,1719759905
191,caleta de carquin,-11.0925,-77.6267,19.7,75,40,4.83,PE,1719759907
192,bogotol,56.2078,89.5342,20.39,88,94,3.09,RU,1719759909
193,jamestown,42.097,-79.2353,20.25,83,70,6.02,US,1719759913
194,xinqing,48.2333,129.5,9.8,69,0,0.9,CN,1719759916
195,arno,60.1167,18.6333,14.88,93,100,2.97,SE,1719759920
196,olinda,-8.0089,-34.8553,28.85,65,75,2.57,BR,1719759921
197,shadegan,30.6497,48.6647,45.4,4,4,4.8,IR,1719759923
198,sinabang,2.4803,96.3801,27.26,78,98,1.29,ID,1719759925
199,bel ombre,-4.6167,55.4167,26.68,84,8,8.05,SC,1719759926
200,petropavlovsk-kamchatsky,53.0452,158.6483,10.33,93,0,3.0,RU,1719759929
201,liwale,-9.7667,37.9333,26.1,39,28,1.84,TZ,1719759676
202,polyarnyy,69.1989,33.4478,10.83,90,100,3.05,RU,1719759931
203,carutapera,-1.195,-46.02,30.61,63,37,3.65,BR,1719759933
204,barabai,-2.5833,115.3833,23.61,98,92,0.68,ID,1719759934
205,dudinka,69.4058,86.1778,7.9,58,100,1.53,RU,1719759936
206,puerto aysen,-45.4,-72.7,4.91,100,100,2.2,CL,1719759877
207,trapani,37.8333,12.6667,36.26,49,4,3.68,IT,1719759759
208,nouadhibou,20.931,-17.0347,26.99,54,8,7.2,MR,1719759940
209,howard springs,-12.497,131.047,25.95,92,78,1.7,AU,1719759942
210,santa margherita ligure,44.3346,9.212,26.17,85,27,0.89,IT,1719759943
211,la passe,45.5549,-0.8967,24.13,70,20,4.38,FR,1719759945
212,cole harbour,44.6724,-63.4751,16.66,95,100,4.02,CA,1719759947
213,anaconda,46.1285,-112.9423,17.55,55,69,1.16,US,1719759948
214,longquan,24.6719,102.1613,19.94,97,100,1.76,CN,1719759950
215,midvagur,62.0511,-7.1939,11.46,87,20,7.2,FO,1719759951
216,novodvinsk,64.4165,40.8122,21.86,46,79,3.73,RU,1719759953
217,magong,23.5654,119.5863,29.21,84,91,7.3,TW,1719759954
218,plettenberg bay,-34.0527,23.3716,15.93,78,100,1.16,ZA,1719759956
219,san jose,37.3394,-121.895,22.36,66,0,1.54,US,1719759957
220,doembang nangbuat,14.8333,100.1,27.81,67,100,3.64,TH,1719759959
221,prado,-17.3411,-39.2208,26.17,63,88,2.93,BR,1719759960
222,stepnoye,51.4,46.8667,25.8,34,65,3.1,RU,1719759962
223,tongchuan,35.0806,109.0897,20.3,74,100,2.0,CN,1719759964
224,sukabumi,-6.9181,106.9267,22.06,98,79,0.59,ID,1719759967
225,concepcion,-36.827,-73.0498,7.89,81,75,1.54,CL,1719759968
226,port macquarie,-31.4333,152.9167,13.83,98,99,1.34,AU,1719759970
227,concepcion del uruguay,-32.4825,-58.2372,11.81,49,4,4.2,AR,1719759949
228,taoudenni,22.6783,-3.9836,47.76,5,0,7.92,ML,1719759973
229,avarua,-21.2078,-159.775,24.03,94,75,4.12,CK,1719759974
230,juan griego,11.0817,-63.9655,29.31,72,48,6.73,VE,1719759976
231,pacific grove,36.6177,-121.9166,18.01,88,0,1.79,US,1719759977
232,pedernales,18.0384,-71.744,30.43,58,3,2.96,DO,1719759979
233,tura,25.5198,90.2201,24.45,98,100,3.23,IN,1719759909
234,qoryooley,1.7878,44.53,25.81,75,49,7.94,SO,1719759985
235,koryazhma,61.3143,47.1691,22.65,70,87,3.72,RU,1719759988
236,kapa'a,22.0752,-159.319,22.99,89,7,4.5,US,1719759990
237,taulaga,-11.0553,-171.0883,28.14,74,33,9.3,AS,1719759991
238,colon,9.3592,-79.9014,28.97,80,14,2.24,PA,1719759876
239,price,39.5994,-110.8107,24.59,46,0,4.12,US,1719759994
240,gabes,33.8815,10.0982,32.73,46,0,7.77,TN,1719759996
241,urcos,-13.6861,-71.6228,15.94,54,74,0.89,PE,1719759999
242,jayapura,-2.5333,140.7,24.66,91,100,1.48,ID,1719759984
243,broome,42.2506,-75.833,27.43,80,75,3.6,US,1719760002
244,holualoa,19.6228,-155.9522,20.91,86,0,1.54,US,1719760003
245,kuqa,41.7278,82.9364,29.7,27,15,4.74,CN,1719760005
246,vysokiy,58.35,60.05,17.84,68,62,1.89,RU,1719760007
247,kismayo,-0.3582,42.5454,26.08,79,64,7.59,SO,1719760008
248,bandarbeyla,9.4942,50.8122,25.9,76,99,13.12,SO,1719760010
249,akranes,64.3218,-22.0749,11.31,86,95,11.16,IS,1719760011
250,tvoroyri,61.5556,-6.8111,9.88,88,23,5.32,FO,1719760013
251,valley city,46.9233,-98.0032,17.29,55,0,3.6,US,1719760014
252,al ghayzah,16.2079,52.176,30.6,70,65,4.05,YE,1719760015
253,geraldton,-28.7667,114.6,11.23,87,0,4.12,AU,1719759974
254,stephenville,32.2207,-98.2023,30.09,64,0,3.09,US,1719760018
255,callaway,30.153,-85.5699,31.62,79,40,1.34,US,1719760020
256,nagqu,31.5,92.0,7.52,54,4,2.82,CN,1719760021
257,haiku-pauwela,20.9219,-156.3051,20.49,74,0,1.34,US,1719760023
258,anatuya,-28.4606,-62.8347,15.77,23,0,5.44,AR,1719760024
259,erenhot,43.6475,111.9767,20.88,48,57,1.9,CN,1719759753
260,mount isa,-20.7333,139.5,20.87,64,37,4.63,AU,1719760027
261,saint-francois,46.4154,3.9054,19.69,71,100,2.06,FR,1719760029
262,tehachapi,35.1322,-118.449,26.13,37,0,4.47,US,1719760030
263,farafangana,-22.8167,47.8333,19.32,79,1,2.38,MG,1719760032
264,faya-largeau,17.9257,19.1043,42.07,8,100,1.3,TD,1719760033
265,taguatinga,-12.3857,-46.5711,34.53,19,84,2.51,BR,1719760035
266,sumbawa besar,-8.5,117.4333,22.77,92,86,2.38,ID,1719760036
267,fale old settlement,-9.3852,-171.2468,28.66,77,42,9.36,TK,1719760037
268,suifenhe,44.4,131.1667,13.95,97,93,2.54,CN,1719760039
269,conde,-7.2597,-34.9075,28.7,65,75,5.66,BR,1719760041
270,forster,-32.1667,152.5167,11.83,100,100,5.67,AU,1719760024
271,ola,59.5833,151.2833,8.02,99,100,4.71,RU,1719760044
272,varna,43.2167,27.9167,29.08,54,0,5.66,BG,1719760045
273,conduaga,8.862,117.4893,26.32,84,100,1.21,PH,1719760047
274,puerto baquerizo moreno,-0.9,-89.6,20.55,100,100,4.12,EC,1719760048
275,pagar alam,-4.0167,103.2667,20.81,99,100,0.62,ID,1719760050
276,sitka,57.0531,-135.33,12.94,88,100,0.0,US,1719760051
277,muli,2.9167,73.5667,28.85,74,28,2.97,MV,1719760052
278,impfondo,1.6381,18.0667,35.31,28,92,0.29,CG,1719760054
279,yuktae-dong,40.0247,128.1597,20.57,93,4,2.16,KP,1719760058
280,kon tum,14.35,108.0,22.45,97,100,0.53,VN,1719760043
281,labrador city,52.9463,-66.9114,9.15,93,100,3.44,CA,1719760061
282,cabo san lucas,22.8909,-109.9124,31.61,54,0,1.03,MX,1719760062
283,vilyuchinsk,52.9306,158.4028,13.08,85,83,0.43,RU,1719759796
284,baruun-urt,46.6806,113.2792,17.74,69,81,3.55,MN,1719759626
285,kodiak,57.79,-152.4072,8.73,100,100,5.66,US,1719760068
286,belmonte,-15.8631,-38.8828,26.75,60,38,1.94,BR,1719760069
287,palikir - national government center,6.9248,158.1611,27.41,89,75,1.54,FM,1719760070
288,arkhangel'sk,64.5401,40.5433,22.06,49,20,6.0,RU,1719760072
289,prince rupert,54.3161,-130.3201,12.45,95,100,1.52,CA,1719760073
290,altamira,-3.2033,-52.2064,31.88,54,6,1.61,BR,1719760075
291,palangkaraya,-2.2,113.8333,23.67,97,91,0.26,ID,1719759548
292,zhezqazghan,47.7833,67.7667,22.32,26,0,8.0,KZ,1719760078
293,retreat,38.8245,-85.8533,27.12,70,10,1.79,US,1719760079
294,labasa,-16.4167,179.3833,22.66,87,77,4.24,FJ,1719760081
295,tual,-5.6667,132.75,26.7,85,100,6.6,ID,1719760082
296,bayanhongor,46.7167,100.1167,13.37,62,50,1.03,MN,1719759616
297,acarau,-2.8856,-40.12,30.07,60,17,5.5,BR,1719760085
298,sisimiut,66.9395,-53.6735,4.11,93,100,4.13,GL,1719760087
299,mo i rana,66.3128,14.1428,14.26,86,75,1.54,NO,1719760088
300,el realejo,12.5431,-87.1647,28.3,78,50,0.94,NI,1719760090
301,portales,34.1862,-103.3344,28.74,53,41,4.7,US,1719760091
302,sao joao do paraiso,-15.3136,-42.0144,29.74,22,28,3.4,BR,1719760093
303,new norfolk,-42.7826,147.0587,6.07,93,67,1.16,AU,1719759938
304,malango,-2.9627,119.9001,19.69,98,60,0.81,ID,1719760095
305,port isabel,26.0734,-97.2086,31.14,70,40,7.72,US,1719760097
306,vadso,70.0744,29.7487,9.49,93,100,4.63,NO,1719760099
307,priozersk,61.0393,30.1291,22.75,39,100,3.5,RU,1719760100
308,kailua-kona,19.6406,-155.9956,22.98,89,0,1.54,US,1719760104
309,remire-montjoly,4.9167,-52.2667,32.02,62,75,2.06,GF,1719759875
310,east london,-33.0153,27.9116,21.32,73,100,2.75,ZA,1719759945
311,igreja,15.0333,-24.3333,24.68,69,4,4.42,CV,1719760109
312,manaure,11.7751,-72.4445,31.38,59,79,7.3,CO,1719760112
313,florence,43.7667,11.25,29.47,52,20,4.63,IT,1719759963
314,mitu,1.1983,-70.1733,29.73,63,46,1.03,CO,1719760115
315,harindanga,22.0383,88.3214,29.77,80,100,7.2,IN,1719760116
316,tazovsky,67.4667,78.7,10.62,64,100,3.87,RU,1719760118
317,sittwe,20.15,92.9,28.29,85,100,7.46,MM,1719759958
318,torrington,41.8007,-73.1212,29.68,82,100,0.45,US,1719760123
319,sylvan lake,52.3168,-114.0853,14.64,77,100,5.02,CA,1719760124
320,sinop,41.7711,34.8709,21.65,54,0,4.32,TR,1719760008
321,dolinsk,47.35,142.8,9.26,97,100,3.69,RU,1719760127
322,maceio,-9.6658,-35.7353,25.69,88,75,3.09,BR,1719760128
323,peniche,39.3558,-9.3811,21.07,86,15,4.33,PT,1719760130
324,cukai,4.25,103.4167,25.35,89,90,3.18,MY,1719760131
325,lisburn,54.5234,-6.0353,15.01,73,100,3.09,GB,1719760133
326,sake,-1.5736,29.045,20.7,71,90,0.32,CD,1719760134
327,novyy turtkul',41.55,61.0167,26.95,24,0,6.13,UZ,1719759971
328,yorkton,51.2167,-102.4677,13.77,67,0,3.44,CA,1719760025
329,magadan,59.5667,150.8,7.65,99,100,3.99,RU,1719760121
330,kelibia,36.8476,11.0939,27.29,61,3,4.58,TN,1719760029
331,kerikeri,-35.2268,173.9474,11.19,89,100,2.17,NZ,1719759925
332,aasiaat,68.7098,-52.8699,2.35,94,100,2.52,GL,1719760145
333,nema,57.5067,50.5011,22.62,56,14,3.22,RU,1719760147
334,male,4.1748,73.5089,28.54,77,45,3.9,MV,1719759773
335,broken hill,-31.95,141.4333,5.29,69,7,4.07,AU,1719759878
336,egilsstadir,65.2653,-14.3948,21.84,38,36,3.36,IS,1719760151
337,yallahs,17.8748,-76.5624,33.19,67,22,4.71,JM,1719760152
338,calama,-22.4667,-68.9333,17.27,8,0,8.23,CL,1719760154
339,shakawe,-18.3667,21.85,26.11,21,1,1.44,BW,1719760155
340,tralee,52.2704,-9.7026,14.14,82,75,3.09,IE,1719760156
341,santa cruz,-17.8,-63.1667,16.03,31,100,8.23,BO,1719760158
342,emerald,-23.5333,148.1667,16.3,91,57,3.81,AU,1719760159
343,codrington,-38.2667,141.9667,9.3,70,99,4.97,AU,1719760161
344,jiangzi,28.95,89.6333,12.77,53,54,1.95,CN,1719760162
345,guanare,9.0418,-69.7421,27.01,86,80,2.07,VE,1719759995
346,kone,-21.0595,164.8658,18.45,75,8,2.25,NC,1719760165
347,oyama,36.3,139.8,28.1,87,100,2.22,JP,1719760166
348,lethem,3.3803,-59.7968,30.19,67,8,0.66,GY,1719760168
349,porto novo,6.4965,2.6036,25.75,87,100,2.72,BJ,1719760170
350,smithers,54.7804,-127.1743,14.68,78,97,0.46,CA,1719760171
351,kinablangan,7.6947,126.5503,26.21,86,100,2.85,PH,1719760172
352,villa regina,-39.1,-67.0667,10.91,28,100,5.9,AR,1719760174
353,freetown,8.484,-13.2299,27.17,80,96,4.05,SL,1719760075
354,san patricio,28.017,-97.5169,32.14,61,18,6.1,US,1719760177
355,praia da vitoria,38.7333,-27.0667,20.67,81,94,5.74,PT,1719760179
356,ostersund,63.1792,14.6357,20.34,51,97,0.45,SE,1719760180
357,mariehamn,60.0973,19.9348,14.92,94,20,1.03,AX,1719760182
358,montero,-17.3333,-63.25,16.5,26,100,4.65,BO,1719760183
359,goz beida,13.95,20.55,34.25,35,100,4.16,TD,1719760184
360,kissidougou,9.1848,-10.0999,25.21,89,99,0.53,GN,1719760186
361,yarmouth,41.7057,-70.2286,22.86,97,100,6.17,US,1719760109
362,zeya,53.75,127.2667,14.33,52,17,0.94,RU,1719760189
363,taro,-8.3862,115.28,23.0,94,99,1.58,ID,1719760190
364,palmer,42.1584,-72.3287,30.13,67,40,5.14,US,1719760192
365,pyapon,16.2833,95.6833,26.26,86,100,3.1,MM,1719760188
366,chiredzi,-21.05,31.6667,23.59,25,0,2.67,ZW,1719760197
367,hirado,33.3597,129.5531,26.33,96,100,8.79,JP,1719760198
368,bei'an,24.5399,109.533,25.81,93,100,2.58,CN,1719760200
369,touros,-5.1989,-35.4608,28.22,68,45,6.45,BR,1719760201
370,pariaman,-0.619,100.12,27.03,77,100,0.9,ID,1719760187
371,an nuhud,12.7,28.4333,33.93,31,81,4.16,SD,1719760206
372,oamaru,-45.0784,170.9801,7.44,80,100,3.5,NZ,1719760208
373,saudarkrokur,65.7461,-19.6394,21.15,49,55,6.84,IS,1719760210
374,villa rica,33.7321,-84.9191,30.41,82,13,0.89,US,1719760211
375,natal,-5.795,-35.2094,29.36,61,75,4.63,BR,1719759921
376,viqueque,-8.8673,126.3658,24.49,91,84,1.87,TL,1719760214
377,bucerias,20.75,-105.3333,28.32,89,75,0.0,MX,1719760216
378,saint-pierre,-21.3393,55.4781,20.82,64,0,0.0,RE,1719760150
379,howrah,22.5892,88.3103,30.0,89,100,4.12,IN,1719760219
380,nemuro,43.3236,145.575,14.06,99,100,6.17,JP,1719760109
381,bria,6.5423,21.9863,29.38,54,95,1.13,CF,1719760221
382,mejit,10.2753,170.8646,27.67,76,100,6.78,MH,1719760223
383,serdar,38.9764,56.2757,32.16,22,46,2.78,TM,1719760224
384,alofi,-19.0595,-169.9187,22.94,88,75,6.69,NU,1719760226
385,antsiranana,-12.2787,49.2917,24.1,74,30,7.74,MG,1719760227
386,ad dabbah,18.05,30.95,42.13,6,6,1.42,SD,1719760229
387,kununurra,-15.7667,128.7333,24.99,78,100,0.0,AU,1719760230
388,nefta,33.8731,7.8777,45.84,8,0,2.98,TN,1719760232
389,quellon,-43.1167,-73.6167,8.35,81,80,4.26,CL,1719760233
390,fort mcmurray,56.7268,-111.381,21.46,50,6,2.29,CA,1719760135
391,darwin,-12.4611,130.8418,25.99,78,78,1.54,AU,1719759953
392,salamanca,40.8333,-6.0,22.88,48,100,3.77,ES,1719760237
393,yeniseysk,58.4497,92.1703,24.56,73,59,2.03,RU,1719760239
394,twon-brass,4.3151,6.2418,27.26,78,93,5.95,NG,1719760243
395,liman,48.9884,37.8023,30.81,30,60,3.16,UA,1719760244
396,isabela,6.7085,121.9711,25.74,90,100,2.03,PH,1719760246
397,suva,-18.1416,178.4415,22.71,73,75,2.57,FJ,1719760248
398,les avirons,-21.2418,55.3394,19.05,64,0,0.0,RE,1719760254
399,hilo,19.7297,-155.09,20.85,78,100,3.6,US,1719760009
400,burang,30.25,81.1667,14.31,66,91,3.12,CN,1719760262
401,wanning,18.8003,110.3967,28.16,88,100,5.03,CN,1719760264
402,bhimunipatnam,17.8833,83.4333,28.73,80,100,4.23,IN,1719760266
403,namtsy,62.7161,129.6658,18.47,69,100,6.45,RU,1719760267
404,comodoro rivadavia,-45.8667,-67.5,8.37,56,32,11.36,AR,1719760268
405,tarawa,1.419,172.984,27.05,94,40,0.51,KI,1719760270
406,boa vista,2.8197,-60.6733,28.99,70,40,2.06,BR,1719760271
407,flying fish cove,-10.4217,105.6791,24.82,94,100,4.63,CX,1719760069
408,selkirk,50.1436,-96.8845,17.82,68,0,2.75,CA,1719760276
409,gadzhiyevo,69.2551,33.3362,10.0,92,100,3.19,RU,1719760277
410,joshimath,30.5667,79.5667,23.56,94,91,0.42,IN,1719760181
411,portland,45.5234,-122.6762,18.78,88,100,0.45,US,1719760267
412,aripuana,-9.1667,-60.6333,32.72,35,0,1.98,BR,1719760283
413,happy valley-goose bay,53.3168,-60.3315,12.56,88,100,2.17,CA,1719760285
414,rondonopolis,-16.4708,-54.6356,28.24,41,3,2.68,BR,1719760286
415,san antonio de pale,-1.4014,5.6325,23.8,81,8,5.29,GQ,1719760288
416,kargasok,59.0556,80.8572,17.16,84,16,5.58,RU,1719760289
417,tafuna,-14.3358,-170.72,26.97,78,75,6.69,AS,1719760291
418,hovd,48.0056,91.6419,25.19,33,86,2.47,MN,1719760292
419,juneau,58.3019,-134.4197,14.67,95,100,3.6,US,1719760108
420,shaowu,27.3409,117.4831,25.2,95,100,0.58,CN,1719760064
421,mosjoen,65.836,13.1908,16.29,51,100,2.68,NO,1719760297
422,kikwit,-5.041,18.8162,36.08,17,70,1.1,CD,1719760237
423,skien,59.2075,9.6105,18.87,50,88,3.79,NO,1719760299
424,mana,5.6592,-53.7767,30.85,60,23,1.31,GF,1719760301
425,turuntayevo,52.2,107.6167,21.05,62,12,0.92,RU,1719760303
426,oktyabr'skiy,54.4815,53.471,18.96,73,99,3.65,RU,1719760304
427,minas de marcona,-15.2119,-75.1103,17.0,59,20,4.31,PE,1719760306
428,saldanha,-33.0117,17.9442,14.69,85,60,3.84,ZA,1719760307
429,khovd,48.0056,91.6419,25.19,33,86,2.47,MN,1719760292
430,kolwezi,-10.7148,25.4667,25.14,25,9,2.21,CD,1719760310
431,sao vicente,-23.9631,-46.3919,17.21,51,100,2.24,BR,1719760013
432,port saint john's,-31.6229,29.5448,23.35,52,52,2.53,ZA,1719760313
433,qarazhal,48.0078,70.7903,22.22,42,5,3.71,KZ,1719760267
434,kruisfontein,-34.0033,24.7314,16.6,72,88,2.98,ZA,1719760316
435,piti village,13.4626,144.6933,28.03,90,0,3.09,GU,1719760318
436,princeville,45.7668,-61.2985,16.37,97,100,4.12,CA,1719760319
437,borogontsy,62.6683,131.1683,17.5,57,100,3.03,RU,1719760320
438,west mackay,-21.1481,149.1605,16.37,89,1,1.78,AU,1719760322
439,shubarshi,48.5872,57.1869,16.02,59,100,5.4,KZ,1719760324
440,kyshtovka,56.555,76.6271,19.39,86,7,3.82,RU,1719760325
441,dukku,10.8231,10.7717,36.27,30,100,4.16,NG,1719760327
442,hauterive,46.0901,3.4459,19.44,85,100,1.45,FR,1719760328
443,pyt-yakh,60.7499,72.8582,16.12,67,70,1.4,RU,1719760330
444,renfrew,55.872,-4.3925,18.47,57,100,4.63,GB,1719760331
445,garoowe,8.4054,48.4845,32.81,28,55,10.22,SO,1719760055
446,siwa oasis,29.2041,25.5195,37.06,20,0,4.48,EG,1719760334
447,brokopondo,4.75,-55.1667,27.56,79,11,0.43,SR,1719760273
448,ojocaliente,21.8775,-102.6754,21.08,63,100,3.62,MX,1719760337
449,meulaboh,4.1363,96.1285,26.5,80,100,1.29,ID,1719760182
450,villa gesell,-37.2639,-56.973,7.81,52,27,8.05,AR,1719760340
451,yangambi,0.8102,24.4336,28.01,58,96,1.19,CD,1719760341
452,cockburn town,21.4612,-71.1419,28.27,79,60,7.58,TC,1719760070
453,la'ie,21.6477,-157.9253,23.95,77,2,2.68,US,1719760344
454,nizao,18.25,-70.2,31.31,59,8,6.84,DO,1719760346
455,wukari,7.85,9.7833,31.61,56,91,2.94,NG,1719760347
456,tofol,5.3248,163.0078,27.88,77,99,5.65,FM,1719760349
457,newman,37.3138,-121.0208,25.13,52,0,0.45,US,1719760350
458,yardimli,38.9206,48.2372,17.74,66,30,3.76,AZ,1719760352
459,shaoxing,30.011,120.5715,26.97,94,100,1.28,CN,1719760060
460,hafar al-batin,28.4328,45.9708,43.32,6,0,3.09,SA,1719760355
461,ipora,-16.4419,-51.1178,30.24,23,0,3.1,BR,1719760146
462,nejo,9.5,35.5,19.88,86,39,1.56,ET,1719760284
463,mena,51.5217,32.2157,28.06,56,34,1.83,UA,1719760359
464,mata-utu,-13.2816,-176.1745,27.63,79,93,7.24,WF,1719760360
465,taroa,8.7058,171.2275,27.88,81,100,6.35,MH,1719760362
466,vilyuysk,63.7553,121.6247,15.15,72,12,1.4,RU,1719760363
467,tambura,5.6,27.4667,30.17,52,94,1.65,SS,1719760365
468,lewistown,40.5992,-77.5714,27.87,91,0,4.12,US,1719760366
469,taltal,-25.4,-70.4833,18.57,60,5,1.97,CL,1719760368
470,extrema,-22.8547,-46.3183,16.46,87,98,1.09,BR,1719760373
471,callao,-12.0667,-77.15,21.51,81,62,4.07,PE,1719760374
472,baltasi,56.3462,50.2062,22.22,63,50,2.56,RU,1719760376
473,fort saskatchewan,53.7168,-113.2187,20.36,56,81,4.63,CA,1719760377
474,haisyn,48.8114,29.3898,29.08,48,53,1.42,UA,1719760142
475,yilan,24.757,121.753,30.03,90,100,0.91,TW,1719760097
476,tarko-sale,64.9225,77.785,16.72,49,77,3.82,RU,1719760382
477,champerico,14.3,-91.9167,26.11,88,98,4.0,GT,1719760383
478,rizal,15.7118,121.1061,24.51,92,90,1.27,PH,1719760385
479,nyagan,62.1406,65.3936,19.78,57,100,3.42,RU,1719760386
480,kayangel,8.0823,134.7173,27.17,83,100,5.07,PW,1719760388
481,naze,28.3667,129.4833,26.55,85,100,6.3,JP,1719760389
482,cascais,38.6979,-9.4215,22.64,76,40,6.69,PT,1719760391
483,livadiya,42.8692,132.6764,17.01,98,67,5.11,RU,1719760393
484,ulan bator,47.9077,106.8832,13.07,82,20,1.0,MN,1719760132
485,carinhanha,-14.3047,-43.765,32.34,23,2,2.33,BR,1719760396
486,knyaze-volkonskoye,48.4642,135.4567,14.19,96,76,3.29,RU,1719760397
487,mudgee,-32.5943,149.5871,7.01,88,1,1.91,AU,1719760398
488,fortuna,40.5982,-124.1573,13.85,97,100,2.57,US,1719760400
489,sudogda,55.9539,40.8629,28.33,57,42,2.46,RU,1719760402
490,klaksvik,62.2266,-6.589,11.51,83,20,5.1,FO,1719760403
491,maun,-19.9833,23.4167,23.98,29,75,1.03,BW,1719760404
492,pahrump,36.2083,-115.9839,31.84,20,0,4.02,US,1719760124
493,tsiombe,-25.3,45.4833,18.82,60,0,2.41,MG,1719760366
494,bandar-e lengeh,26.5579,54.8807,33.95,57,82,6.15,IR,1719760112
495,tak,16.5833,98.8333,21.51,98,100,1.47,TH,1719760410
496,waingapu,-9.6567,120.2641,24.5,84,89,3.32,ID,1719760412
497,abra pampa,-22.7205,-65.697,8.13,12,0,3.31,AR,1719760415
498,eenhana,-17.4667,16.3333,27.82,16,0,1.69,NA,1719760416
499,nar'yan-mar,67.6713,53.087,8.65,62,100,6.78,RU,1719760418
500,bo phloi,14.3236,99.5161,27.21,74,100,2.78,TH,1719760202
501,longmen,24.9597,118.0889,25.93,97,100,1.47,CN,1719760421
502,yuzhno-kurilsk,44.0306,145.8556,13.16,98,100,4.52,RU,1719760422
503,kolonia,50.9333,6.95,22.2,69,75,4.12,DE,1719760424
504,mil'kovo,55.6078,37.7956,30.73,55,73,4.34,RU,1719760425
505,queenstown,-31.8976,26.8753,18.54,35,75,4.33,ZA,1719760426
506,charters towers,-20.1,146.2667,17.15,93,0,3.81,AU,1719760227
507,jiwani,25.05,61.7417,30.16,80,54,6.23,PK,1719760429
508,andergrove,-21.0833,149.1833,16.38,88,2,1.92,AU,1719760431
509,heswall,53.3273,-3.0965,15.53,74,75,6.69,GB,1719760432
510,hotan,37.0997,79.9269,33.14,17,46,4.19,CN,1719760433
511,ebeltoft,56.1944,10.6821,17.08,77,100,3.09,DK,1719760435
512,crikvenica,45.1772,14.6928,31.11,42,0,3.09,HR,1719760438
513,dahlonega,34.5326,-83.9849,31.2,72,42,2.98,US,1719760440
514,tamiahua,21.2667,-97.45,25.78,90,100,6.43,MX,1719759981
515,concordia,-31.393,-58.0209,11.04,50,0,2.06,AR,1719760442
516,narasannapeta,18.4167,84.05,26.64,83,100,3.03,IN,1719760444
517,havre,49.5833,0.3333,18.22,82,100,3.09,FR,1719760446
518,miri,4.4148,114.0089,24.24,95,100,1.05,MY,1719760366
519,isiklar,36.9942,40.1264,37.4,13,0,6.74,TR,1719760449
520,shchuchinsk,52.9333,70.2,15.63,82,99,4.48,KZ,1719760450
521,ancud,-41.8697,-73.8203,9.48,81,100,4.47,CL,1719760452
522,novyy urgal,51.0736,132.5642,10.79,63,6,0.33,RU,1719760455
523,nadi,-17.8,177.4167,22.0,73,20,4.63,FJ,1719760457
524,thinadhoo,0.5333,72.9333,28.99,72,17,3.5,MV,1719760458
525,qusmuryn,52.4503,64.6311,16.59,76,73,0.45,KZ,1719760460
526,korla,41.7597,86.1469,32.29,19,100,1.26,CN,1719760461
527,port hedland,-20.3167,118.5667,19.03,52,0,4.12,AU,1719760463
528,fisterra,42.9049,-9.2629,18.19,84,14,2.34,ES,1719760464
529,rupert,42.6191,-113.6772,21.77,52,0,7.72,US,1719760466
530,qarqaraly,49.4058,75.4742,19.22,47,51,3.22,KZ,1719760468
531,mukalla,14.5425,49.1242,35.65,44,20,7.03,YE,1719760470
532,raduzhny,62.0961,77.475,13.12,79,93,1.99,RU,1719760472
533,cidreira,-30.1811,-50.2056,9.26,55,5,6.37,BR,1719760473
534,santana,-0.0583,-51.1817,32.1,70,40,2.57,BR,1719760475
535,cam ranh,11.9214,109.1591,27.98,74,20,0.51,VN,1719760332
536,port lincoln,-34.7333,135.8667,11.91,67,89,3.23,AU,1719760263
537,mahaddayweyne,2.9726,45.5347,27.1,63,74,9.52,SO,1719760479
538,betio village,1.358,172.9211,27.02,76,84,2.79,KI,1719760480
539,rurrenabaque,-14.4413,-67.5278,17.94,55,100,3.6,BO,1719760482
540,vilhena,-12.7406,-60.1458,24.12,60,0,5.14,BR,1719760483
541,mili,6.0815,171.735,27.75,75,81,2.94,MH,1719760485
542,karelichy,53.5653,26.1378,27.5,67,30,4.6,BY,1719760488
543,cacoal,-11.4386,-61.4472,30.41,40,20,2.6,BR,1719760489
544,margate,51.3813,1.3862,18.82,73,98,2.59,GB,1719759992
545,pont rouge,48.8833,-72.0825,17.06,88,100,4.02,CA,1719760492
546,touggourt,33.1053,6.058,49.06,4,0,5.66,DZ,1719760494
547,lospalos,-8.5186,127.0025,22.29,94,64,3.35,TL,1719760495
548,kievka,50.2619,71.5514,20.32,48,62,4.35,KZ,1719760497
549,arish,31.1316,33.7984,28.19,60,0,5.17,EG,1719760499
550,camingawan,9.9036,122.8417,26.22,88,95,0.67,PH,1719760500
551,mar del plata,-38.0023,-57.5575,8.62,62,0,9.77,AR,1719760504
552,horta,38.5333,-28.6333,24.8,75,20,8.75,PT,1719760507
553,reggane,26.7158,0.1714,48.09,4,0,3.98,DZ,1719760510
554,bamboo flat,11.7,92.7167,27.05,89,100,2.06,IN,1719760511
555,kidal,18.4411,1.4078,41.0,16,56,1.03,ML,1719760271
556,biloela,-24.4167,150.5,16.15,92,4,1.96,AU,1719760514
557,borba,-4.3878,-59.5939,31.73,53,43,1.15,BR,1719760516
558,solnechnyy,50.7214,136.6319,11.44,66,1,1.9,RU,1719760517
559,yatou,37.15,122.3833,22.71,85,0,2.68,CN,1719760519
560,keningau,5.3378,116.1602,22.68,100,100,0.45,MY,1719760520
